"SourceFolder","OriginalFileName","CopiedAs","Status"
"Academic","A Model for Understanding and Reducing Developer Burnout.md","A Model for Understanding and Reducing Developer Burnout.md","Copied"
"Academic","card_schema.md","card_schema.md","Copied"
"Academic","A Rapid Review of Mental and Physical Health Effects of Working at Home How Do We Optimise Health.md","A Rapid Review of Mental and Physical Health Effects of Working at Home How Do We Optimise Health.md","Copied"
"Academic","card_schema.md","Academic__card_schema.md","Copied (renamed)"
"Academic","A Rapid Review of Mental and Physical Health Effects of Working at Home How Do We Optimise Health (2).md","A Rapid Review of Mental and Physical Health Effects of Working at Home How Do We Optimise Health (2).md","Copied"
"Academic","card_schema.md","Academic__card_schema_1.md","Copied (renamed)"
"Academic","A Snapshot of the Mental Health of Software Professionals.md","A Snapshot of the Mental Health of Software Professionals.md","Copied"
"Academic","card_schema.md","Academic__card_schema_2.md","Copied (renamed)"
"Academic","A Systematic Review of the Impact of Remote Working Referenced to the Concept of Work–Life Flow on Physical and Psychological Health.md","A Systematic Review of the Impact of Remote Working Referenced to the Concept of Work–Life Flow on Physical and Psychological Health.md","Copied"
"Academic","card_schema.md","Academic__card_schema_3.md","Copied (renamed)"
"Academic","Achieving Effective Remote Working During the COVID-19 Pandemic A Work Design Perspective.md","Achieving Effective Remote Working During the COVID-19 Pandemic A Work Design Perspective.md","Copied"
"Academic","card_schema.md","Academic__card_schema_4.md","Copied (renamed)"
"Academic","Assessing the Health of Open Source Communities.md","Assessing the Health of Open Source Communities.md","Copied"
"Academic","card_schema.md","Academic__card_schema_5.md","Copied (renamed)"
"Academic","card_schema.md","Academic__card_schema_6.md","Copied (renamed)"
"Academic","Characterization of Home Working Population during COVID-19 Emergency A Cross-Sectional Analysis.md","Characterization of Home Working Population during COVID-19 Emergency A Cross-Sectional Analysis.md","Copied"
"Academic","card_schema.md","Academic__card_schema_7.md","Copied (renamed)"
"Academic","Choking Under Pressure Self-Consciousness and Paradoxical Effects of Incentives on Skillful Performance.md","Choking Under Pressure Self-Consciousness and Paradoxical Effects of Incentives on Skillful Performance.md","Copied"
"Academic","card_schema.md","Academic__card_schema_8.md","Copied (renamed)"
"Academic","COVID-19 and Employees Mental Health Stressors Moderators and Agenda for Organizational Actions.md","COVID-19 and Employees Mental Health Stressors Moderators and Agenda for Organizational Actions.md","Copied"
"Academic","card_schema.md","Academic__card_schema_9.md","Copied (renamed)"
"Academic","Cultivating Community Health and Well-being in Open Source Mitigating Burnout and Prioritizing Mental Health.md","Cultivating Community Health and Well-being in Open Source Mitigating Burnout and Prioritizing Mental Health.md","Copied"
"Academic","card_schema.md","Academic__card_schema_10.md","Copied (renamed)"
"Academic","Doing More with Less Flexible Working Practices and the Intensification of Work.md","Doing More with Less Flexible Working Practices and the Intensification of Work.md","Copied"
"Academic","card_schema.md","Academic__card_schema_11.md","Copied (renamed)"
"Academic","E-Leadership and Teleworking in Times of COVID-19 and Beyond What We Know and Where Do We Go.md","E-Leadership and Teleworking in Times of COVID-19 and Beyond What We Know and Where Do We Go.md","Copied"
"Academic","card_schema.md","Academic__card_schema_12.md","Copied (renamed)"
"Academic","Employees Working from Home During Covid-19 and Potential Mental Health Challenges.md","Employees Working from Home During Covid-19 and Potential Mental Health Challenges.md","Copied"
"Academic","card_schema.md","Academic__card_schema_13.md","Copied (renamed)"
"Academic","Enforced remote working- The impact of digital platform-induced stress and remote working experience on technology exhaustion and subjective wellbeing.md","Enforced remote working- The impact of digital platform-induced stress and remote working experience on technology exhaustion and subjective wellbeing.md","Copied"
"Academic","card_schema.md","Academic__card_schema_14.md","Copied (renamed)"
"Academic","Factors that Affect Software Systems Development Project Outcomes A Survey of Research.md","Factors that Affect Software Systems Development Project Outcomes A Survey of Research.md","Copied"
"Academic","card_schema.md","Academic__card_schema_15.md","Copied (renamed)"
"Academic","Gender Work   Organization - 2009 - Russell - The Impact of Flexible Working Arrangements on Work life Conflict and Work.md","Gender Work   Organization - 2009 - Russell - The Impact of Flexible Working Arrangements on Work life Conflict and Work.md","Copied"
"Academic","card_schema.md","Academic__card_schema_16.md","Copied (renamed)"
"Academic","How and When May Technostress Impact Workers Psycho-Physical Health and Work-Family Interface A Study during the COVID-19 Pandemic in Italy.md","How and When May Technostress Impact Workers Psycho-Physical Health and Work-Family Interface A Study during the COVID-19 Pandemic in Italy.md","Copied"
"Academic","card_schema.md","Academic__card_schema_17.md","Copied (renamed)"
"Academic","How COVID-19 affects software developers and how their organizations can help.md","How COVID-19 affects software developers and how their organizations can help.md","Copied"
"Academic","card_schema.md","Academic__card_schema_18.md","Copied (renamed)"
"Academic","Impact of Remote Work Dynamics on Mental Health and Productivity.md","Impact of Remote Work Dynamics on Mental Health and Productivity.md","Copied"
"Academic","card_schema.md","Academic__card_schema_19.md","Copied (renamed)"
"Academic","Impacts of Working From Home During COVID-19 Pandemic on Physical and Mental Well-Being of Office Workstation Users.md","Impacts of Working From Home During COVID-19 Pandemic on Physical and Mental Well-Being of Office Workstation Users.md","Copied"
"Academic","card_schema.md","Academic__card_schema_20.md","Copied (renamed)"
"Academic","Information Bias in Health Research Definition Pitfalls and Adjustment Methods.md","Information Bias in Health Research Definition Pitfalls and Adjustment Methods.md","Copied"
"Academic","card_schema.md","Academic__card_schema_21.md","Copied (renamed)"
"Academic","J Organ Behavior - 2004 - Schaufeli - Job demands  job resources  and their relationship with burnout and engagement  a.md","J Organ Behavior - 2004 - Schaufeli - Job demands  job resources  and their relationship with burnout and engagement  a.md","Copied"
"Academic","card_schema.md","Academic__card_schema_22.md","Copied (renamed)"
"Academic","J Organ Behavior - 2005 - Penney - Job stress  incivility  and counterproductive work behavior  CWB   the moderating role.md","J Organ Behavior - 2005 - Penney - Job stress  incivility  and counterproductive work behavior  CWB   the moderating role.md","Copied"
"Academic","card_schema.md","Academic__card_schema_23.md","Copied (renamed)"
"Academic","Job Burnout.md","Job Burnout.md","Copied"
"Academic","card_schema.md","Academic__card_schema_24.md","Copied (renamed)"
"Academic","Job Loss and Mental Health during the COVID-19 Lockdown Evidence from South Africa.md","Job Loss and Mental Health during the COVID-19 Lockdown Evidence from South Africa.md","Copied"
"Academic","card_schema.md","Academic__card_schema_25.md","Copied (renamed)"
"Academic","Layers of Silence Arenas of Voice The Ecology of Visible and Invisible Work.md","Layers of Silence Arenas of Voice The Ecology of Visible and Invisible Work.md","Copied"
"Academic","card_schema.md","Academic__card_schema_26.md","Copied (renamed)"
"Academic","Measuring Health-Related Productivity Loss.md","Measuring Health-Related Productivity Loss.md","Copied"
"Academic","card_schema.md","Academic__card_schema_27.md","Copied (renamed)"
"Academic","New Technol Work Employ - 2016 - Collins - Social support in the workplace between teleworkers  office‐based colleagues and.md","New Technol Work Employ - 2016 - Collins - Social support in the workplace between teleworkers  office‐based colleagues and.md","Copied"
"Academic","card_schema.md","Academic__card_schema_28.md","Copied (renamed)"
"Academic","Organizational and occupational health issues with working remotely during the pandemic- a scoping review of remote work and health.md","Organizational and occupational health issues with working remotely during the pandemic- a scoping review of remote work and health.md","Copied"
"Academic","card_schema.md","Academic__card_schema_29.md","Copied (renamed)"
"Academic","Peer-adult network structure and suicide attempts.md","Peer-adult network structure and suicide attempts.md","Copied"
"Academic","card_schema.md","Academic__card_schema_30.md","Copied (renamed)"
"Academic","Perspectives on the Study of Work-Life Balance.md","Perspectives on the Study of Work-Life Balance.md","Copied"
"Academic","card_schema.md","Academic__card_schema_31.md","Copied (renamed)"
"Academic","Resilience During Uncertainty Greater Social Connectedness During COVID-19.md","Resilience During Uncertainty Greater Social Connectedness During COVID-19.md","Copied"
"Academic","card_schema.md","Academic__card_schema_32.md","Copied (renamed)"
"Academic","Sampling in Software Engineering Research A Critical Review and Guidelines.md","Sampling in Software Engineering Research A Critical Review and Guidelines.md","Copied"
"Academic","card_schema.md","Academic__card_schema_33.md","Copied (renamed)"
"Academic","Self-Efficacy and Work-Related Performance A Meta-Analysis.md","Self-Efficacy and Work-Related Performance A Meta-Analysis.md","Copied"
"Academic","card_schema.md","Academic__card_schema_34.md","Copied (renamed)"
"Academic","Single Item Measures of Self-Rated Mental Health A Scoping Review.md","Single Item Measures of Self-Rated Mental Health A Scoping Review.md","Copied"
"Academic","card_schema.md","Academic__card_schema_35.md","Copied (renamed)"
"Academic","Six Key Advantages and Disadvantages of Working from Home in Europe during COVID-19.md","Six Key Advantages and Disadvantages of Working from Home in Europe during COVID-19.md","Copied"
"Academic","card_schema.md","Academic__card_schema_36.md","Copied (renamed)"
"Academic","Social Capital Self-Esteem and Use of Online Social Network Sites A Longitudinal Analysis.md","Social Capital Self-Esteem and Use of Online Social Network Sites A Longitudinal Analysis.md","Copied"
"Academic","card_schema.md","Academic__card_schema_37.md","Copied (renamed)"
"Academic","Social Isolation and Stress as Predictors of Productivity Perception and Remote Work Satisfaction during COVID-19.md","Social Isolation and Stress as Predictors of Productivity Perception and Remote Work Satisfaction during COVID-19.md","Copied"
"Academic","card_schema.md","Academic__card_schema_38.md","Copied (renamed)"
"Academic","Stress in remote work  two studies testing the Demand-Control-Person model.md","Stress in remote work  two studies testing the Demand-Control-Person model.md","Copied"
"Academic","card_schema.md","Academic__card_schema_39.md","Copied (renamed)"
"Academic","Supporting Interdependent Telework Employees A Moderated-Mediation Model Linking Daily COVID-19 Task Setbacks to Next-Day Work Withdrawal.md","Supporting Interdependent Telework Employees A Moderated-Mediation Model Linking Daily COVID-19 Task Setbacks to Next-Day Work Withdrawal.md","Copied"
"Academic","card_schema.md","Academic__card_schema_40.md","Copied (renamed)"
"Academic","Talking About Machines A Review by Sheila Cunnison.md","Talking About Machines A Review by Sheila Cunnison.md","Copied"
"Academic","card_schema.md","Academic__card_schema_41.md","Copied (renamed)"
"Academic","Techno-Stress Creators, Burnout and Psychological Health among Remote Workers during the Pandemic- The Moderating Role of E-Work Self-Efficacy.md","Techno-Stress Creators, Burnout and Psychological Health among Remote Workers during the Pandemic- The Moderating Role of E-Work Self-Efficacy.md","Copied"
"Academic","card_schema.md","Academic__card_schema_42.md","Copied (renamed)"
"Academic","Technostress Technological Antecedents and Implications.md","Technostress Technological Antecedents and Implications.md","Copied"
"Academic","card_schema.md","Academic__card_schema_43.md","Copied (renamed)"
"Academic","The Good the Bad and the Unknown About Telecommuting Meta-Analysis of Psychological Mediators and Individual Consequences.md","The Good the Bad and the Unknown About Telecommuting Meta-Analysis of Psychological Mediators and Individual Consequences.md","Copied"
"Academic","card_schema.md","Academic__card_schema_44.md","Copied (renamed)"
"Academic","The Impact of Technostress on Role Stress and Productivity.md","The Impact of Technostress on Role Stress and Productivity.md","Copied"
"Academic","card_schema.md","Academic__card_schema_45.md","Copied (renamed)"
"Academic","The impact of working from home during COVID-19 on work and life domains  an exploratory study on Hong Kong.md","The impact of working from home during COVID-19 on work and life domains  an exploratory study on Hong Kong.md","Copied"
"Academic","card_schema.md","Academic__card_schema_46.md","Copied (renamed)"
"Academic","The Impact of Working from Home on Mental Health- A Cross-Sectional Study of Canadian Worker’s Mental Health during the Third Wave of the COVID-19 Pandemic.md","The Impact of Working from Home on Mental Health- A Cross-Sectional Study of Canadian Worker’s Mental Health during the Third Wave of the COVID-19 Pandemic.md","Copied"
"Academic","card_schema.md","Academic__card_schema_47.md","Copied (renamed)"
"Academic","The Labor of Maintaining and Scaling Free and Open-Source Software Projects.md","The Labor of Maintaining and Scaling Free and Open-Source Software Projects.md","Copied"
"Academic","card_schema.md","Academic__card_schema_48.md","Copied (renamed)"
"Academic","The Managed Heart Commercialization of Human Feeling.md","The Managed Heart Commercialization of Human Feeling.md","Copied"
"Academic","card_schema.md","Academic__card_schema_49.md","Copied (renamed)"
"Academic","The Moderator-Mediator Variable Distinction in Social Psychological Research Conceptual Strategic and Statistical Considerations.md","The Moderator-Mediator Variable Distinction in Social Psychological Research Conceptual Strategic and Statistical Considerations.md","Copied"
"Academic","card_schema.md","Academic__card_schema_50.md","Copied (renamed)"
"Academic","The paradox of employee psychological well-being practices  an integrative literature review and new directions for research.md","The paradox of employee psychological well-being practices  an integrative literature review and new directions for research.md","Copied"
"Academic","card_schema.md","Academic__card_schema_51.md","Copied (renamed)"
"Academic","The Satisfaction With Life Scale and the emerging construct of life satisfaction.md","The Satisfaction With Life Scale and the emerging construct of life satisfaction.md","Copied"
"Academic","card_schema.md","Academic__card_schema_52.md","Copied (renamed)"
"Academic","The Wealth of Networks How Social Production Transforms Markets and Freedom.md","The Wealth of Networks How Social Production Transforms Markets and Freedom.md","Copied"
"Academic","card_schema.md","Academic__card_schema_53.md","Copied (renamed)"
"Academic","Videoconference Fatigue Exploring Changes in Fatigue After Videoconference Meetings During COVID-19.md","Videoconference Fatigue Exploring Changes in Fatigue After Videoconference Meetings During COVID-19.md","Copied"
"Academic","card_schema.md","Academic__card_schema_54.md","Copied (renamed)"
"Academic","Work Family Border Theory A New Theory of Work Family Balance.md","Work Family Border Theory A New Theory of Work Family Balance.md","Copied"
"Academic","card_schema.md","Academic__card_schema_55.md","Copied (renamed)"
"Academic","Work From Home During the COVID-19 Outbreak The Impact on Employees Remote Work Productivity Engagement and Stress.md","Work From Home During the COVID-19 Outbreak The Impact on Employees Remote Work Productivity Engagement and Stress.md","Copied"
"Academic","card_schema.md","Academic__card_schema_56.md","Copied (renamed)"
"Academic","Work From Home During the COVID-19 Outbreak The Impact on Employees Remote Work Productivity Engagement and Stress (2).md","Work From Home During the COVID-19 Outbreak The Impact on Employees Remote Work Productivity Engagement and Stress (2).md","Copied"
"Academic","card_schema.md","Academic__card_schema_57.md","Copied (renamed)"
"Academic","Work-Family Strategies During COVID-19 Examining Gender Dynamics Among Dual-Earner Couples With Young Children.md","Work-Family Strategies During COVID-19 Examining Gender Dynamics Among Dual-Earner Couples With Young Children.md","Copied"
"Academic","card_schema.md","Academic__card_schema_58.md","Copied (renamed)"
"Academic","Work-Family Strategies During COVID-19 Examining Gender Dynamics Among Dual-Earner Couples With Young Children (2).md","Work-Family Strategies During COVID-19 Examining Gender Dynamics Among Dual-Earner Couples With Young Children (2).md","Copied"
"Academic","card_schema.md","Academic__card_schema_59.md","Copied (renamed)"
"Academic","Working from Home and Income Inequality Risks of a New Normal with COVID-19.md","Working from Home and Income Inequality Risks of a New Normal with COVID-19.md","Copied"
"Articles","A Framework for Evaluating Managerial Styles in Open Source Projects.md","A Framework for Evaluating Managerial Styles in Open Source Projects.md","Copied"
"Articles","card_schema.md","Articles__card_schema.md","Copied (renamed)"
"Articles","A Microcosm of the Interactions in Open Source Projects.md","A Microcosm of the Interactions in Open Source Projects.md","Copied"
"Articles","card_schema.md","Articles__card_schema_1.md","Copied (renamed)"
"Articles","Annual Intel Open Source Community Survey Results.md","Annual Intel Open Source Community Survey Results.md","Copied"
"Articles","card_schema.md","Articles__card_schema_2.md","Copied (renamed)"
"Articles","card_schema.md","Articles__card_schema_3.md","Copied (renamed)"
"Articles","Criteria for Assessing the Trustworthiness of Naturalistic Inquiries.md","Criteria for Assessing the Trustworthiness of Naturalistic Inquiries.md","Copied"
"Articles","card_schema.md","Articles__card_schema_4.md","Copied (renamed)"
"Articles","Dealing with Burnout in Open Source.md","Dealing with Burnout in Open Source.md","Copied"
"Articles","card_schema.md","Articles__card_schema_5.md","Copied (renamed)"
"Articles","Developers Are Burned Out Quitting Their Jobs and Creating a Crisis for Recruiters.md","Developers Are Burned Out Quitting Their Jobs and Creating a Crisis for Recruiters.md","Copied"
"Articles","card_schema.md","Articles__card_schema_6.md","Copied (renamed)"
"Articles","Effective Work Practices for Software Engineering Free Libre Open Source Software Development.md","Effective Work Practices for Software Engineering Free Libre Open Source Software Development.md","Copied"
"Articles","card_schema.md","Articles__card_schema_7.md","Copied (renamed)"
"Articles","How I Recognize And Prevent Burnout In Open Source.md","How I Recognize And Prevent Burnout In Open Source.md","Copied"
"Articles","card_schema.md","Articles__card_schema_8.md","Copied (renamed)"
"Articles","How Open Source Maintainers Keep Contributors and Themselves Happy.md","How Open Source Maintainers Keep Contributors and Themselves Happy.md","Copied"
"Articles","card_schema.md","Articles__card_schema_9.md","Copied (renamed)"
"Articles","How to Not Get Rich An Empirical Study of Donations in Open Source.md","How to Not Get Rich An Empirical Study of Donations in Open Source.md","Copied"
"Articles","card_schema.md","Articles__card_schema_10.md","Copied (renamed)"
"Articles","Intel Survey Finds Maintainer Burnout and Documentation Top Open-Source Challenges.md","Intel Survey Finds Maintainer Burnout and Documentation Top Open-Source Challenges.md","Copied"
"Articles","card_schema.md","Articles__card_schema_11.md","Copied (renamed)"
"Articles","LaunchDarkly Release Assurance Why Innovative Software Delivery Starts with Trust and Psychological Safety.md","LaunchDarkly Release Assurance Why Innovative Software Delivery Starts with Trust and Psychological Safety.md","Copied"
"Articles","card_schema.md","Articles__card_schema_12.md","Copied (renamed)"
"Articles","Maintainer Month Enhancing Support for Open Source Maintainers.md","Maintainer Month Enhancing Support for Open Source Maintainers.md","Copied"
"Articles","card_schema.md","Articles__card_schema_13.md","Copied (renamed)"
"Articles","Maintaining Balance for Open Source Maintainers.md","Maintaining Balance for Open Source Maintainers.md","Copied"
"Articles","card_schema.md","Articles__card_schema_14.md","Copied (renamed)"
"Articles","Meet the Developer Group Trying to Break the Mental Health Stigma in Tech.md","Meet the Developer Group Trying to Break the Mental Health Stigma in Tech.md","Copied"
"Articles","card_schema.md","Articles__card_schema_15.md","Copied (renamed)"
"Articles","Mental Health in Open Source.md","Mental Health in Open Source.md","Copied"
"Articles","card_schema.md","Articles__card_schema_16.md","Copied (renamed)"
"Articles","Mental Health of Developers in the Open Source Landscape.md","Mental Health of Developers in the Open Source Landscape.md","Copied"
"Articles","card_schema.md","Articles__card_schema_17.md","Copied (renamed)"
"Articles","Open Source and Mental Health Reddit Discussion Rust Community.md","Open Source and Mental Health Reddit Discussion Rust Community.md","Copied"
"Articles","card_schema.md","Articles__card_schema_18.md","Copied (renamed)"
"Articles","Open Source and Mental Health Redox OS.md","Open Source and Mental Health Redox OS.md","Copied"
"Articles","card_schema.md","Articles__card_schema_19.md","Copied (renamed)"
"Articles","Open Source Articles Research Spreadsheet.md","Open Source Articles Research Spreadsheet.md","Copied"
"Articles","card_schema.md","Articles__card_schema_20.md","Copied (renamed)"
"Articles","Open Source Maintainers Are Really Feeling the Squeeze.md","Open Source Maintainers Are Really Feeling the Squeeze.md","Copied"
"Articles","card_schema.md","Articles__card_schema_21.md","Copied (renamed)"
"Articles","Open Source Maintainers Owe You Nothing.md","Open Source Maintainers Owe You Nothing.md","Copied"
"Articles","card_schema.md","Articles__card_schema_22.md","Copied (renamed)"
"Articles","Open Source Maintainers Report 2023 Linux Foundation Research.md","Open Source Maintainers Report 2023 Linux Foundation Research.md","Copied"
"Articles","card_schema.md","Articles__card_schema_23.md","Copied (renamed)"
"Articles","Open Source of Anxiety.md","Open Source of Anxiety.md","Copied"
"Articles","card_schema.md","Articles__card_schema_24.md","Copied (renamed)"
"Articles","Overcoming Social Barriers When Contributing to Open Source Software Projects.md","Overcoming Social Barriers When Contributing to Open Source Software Projects.md","Copied"
"Articles","card_schema.md","Articles__card_schema_25.md","Copied (renamed)"
"Articles","Paid vs Volunteer Work in Open Source.md","Paid vs Volunteer Work in Open Source.md","Copied"
"Articles","card_schema.md","Articles__card_schema_26.md","Copied (renamed)"
"Articles","Some Simple Economics of Open Source.md","Some Simple Economics of Open Source.md","Copied"
"Articles","card_schema.md","Articles__card_schema_27.md","Copied (renamed)"
"Articles","Stronger than Fear Mental Health in the Open.md","Stronger than Fear Mental Health in the Open.md","Copied"
"Articles","card_schema.md","Articles__card_schema_28.md","Copied (renamed)"
"Articles","The Dark Side of Open Source.md","The Dark Side of Open Source.md","Copied"
"Articles","card_schema.md","Articles__card_schema_29.md","Copied (renamed)"
"Articles","The Developer Crisis Mental Health Burnout and Retention.md","The Developer Crisis Mental Health Burnout and Retention.md","Copied"
"Articles","card_schema.md","Articles__card_schema_30.md","Copied (renamed)"
"Articles","The Hidden Cost of Free Why Open Source Sustainability Matters.md","The Hidden Cost of Free Why Open Source Sustainability Matters.md","Copied"
"Articles","card_schema.md","Articles__card_schema_31.md","Copied (renamed)"
"Articles","The Human Infrastructure of Cyberinfrastructure.md","The Human Infrastructure of Cyberinfrastructure.md","Copied"
"Articles","card_schema.md","Articles__card_schema_32.md","Copied (renamed)"
"Articles","The Lonely Journey of Open-Source Maintainers A Call for Connection and Recognition.md","The Lonely Journey of Open-Source Maintainers A Call for Connection and Recognition.md","Copied"
"Articles","card_schema.md","Articles__card_schema_33.md","Copied (renamed)"
"Articles","The Long Road Ahead Ongoing Challenges in Contributing to Large OSS Organizations and What to Do.md","The Long Road Ahead Ongoing Challenges in Contributing to Large OSS Organizations and What to Do.md","Copied"
"Articles","card_schema.md","Articles__card_schema_34.md","Copied (renamed)"
"Articles","The Silent Crisis in Open Source When Maintainers Walk Away.md","The Silent Crisis in Open Source When Maintainers Walk Away.md","Copied"
"Articles","card_schema.md","Articles__card_schema_35.md","Copied (renamed)"
"Articles","The Single-Vendor Commercial Open Source Business Model.md","The Single-Vendor Commercial Open Source Business Model.md","Copied"
"Articles","card_schema.md","Articles__card_schema_36.md","Copied (renamed)"
"Articles","Turnover of Companies in OpenStack Prevalence and Rationale.md","Turnover of Companies in OpenStack Prevalence and Rationale.md","Copied"
"Articles","card_schema.md","Articles__card_schema_37.md","Copied (renamed)"
"Articles","Two Case Studies of Open Source Software Development Apache and Mozilla.md","Two Case Studies of Open Source Software Development Apache and Mozilla.md","Copied"
"Articles","card_schema.md","Articles__card_schema_38.md","Copied (renamed)"
"Articles","Uncovering the Periphery A Qualitative Survey of Episodic Volunteering in Free Libre and Open Source Software Communities.md","Uncovering the Periphery A Qualitative Survey of Episodic Volunteering in Free Libre and Open Source Software Communities.md","Copied"
"Articles","card_schema.md","Articles__card_schema_39.md","Copied (renamed)"
"Articles","Uncovering the Periphery A Qualitative Survey of Episodic Volunteering in Free Libre and Open Source Software Communities (2).md","Uncovering the Periphery A Qualitative Survey of Episodic Volunteering in Free Libre and Open Source Software Communities (2).md","Copied"
"Articles","card_schema.md","Articles__card_schema_40.md","Copied (renamed)"
"Articles","Unveiling Elite Developers Activities in Open Source Projects.md","Unveiling Elite Developers Activities in Open Source Projects.md","Copied"
"Articles","card_schema.md","Articles__card_schema_41.md","Copied (renamed)"
"Articles","Why Do People Give Up FLOSSing A Study of Contributor Disengagement in Open Source.md","Why Do People Give Up FLOSSing A Study of Contributor Disengagement in Open Source.md","Copied"
"Articles","card_schema.md","Articles__card_schema_42.md","Copied (renamed)"
"Articles","Why I Quit Open Source.md","Why I Quit Open Source.md","Copied"
"Articles","card_schema.md","Articles__card_schema_43.md","Copied (renamed)"
"Articles","Why I Quit Open Source (2).md","Why I Quit Open Source (2).md","Copied"
"Articles","card_schema.md","Articles__card_schema_44.md","Copied (renamed)"
"Articles","Why Open-Source Developers Are Burning Out.md","Why Open-Source Developers Are Burning Out.md","Copied"
"Mental Health","14 points - the evidence.docx.md","14 points - the evidence.docx.md","Copied"
"Mental Health","card_schema.md","Mental_Health__card_schema.md","Copied (renamed)"
"Mental Health","A Comparison of Peer Change Agent Selection Methods Evidence from a High-School Based Suicide Preventive Intervention.md","A Comparison of Peer Change Agent Selection Methods Evidence from a High-School Based Suicide Preventive Intervention.md","Copied"
"Mental Health","card_schema.md","Mental_Health__card_schema_1.md","Copied (renamed)"
"Mental Health","A General Multilevel SEM Framework for Assessing Multilevel Mediation.md","A General Multilevel SEM Framework for Assessing Multilevel Mediation.md","Copied"
"Mental Health","card_schema.md","Mental_Health__card_schema_2.md","Copied (renamed)"
"Mental Health","A Short Scale for Measuring Loneliness in Large Surveys - Results from Two Population-Based Studies.md","A Short Scale for Measuring Loneliness in Large Surveys - Results from Two Population-Based Studies.md","Copied"
"Mental Health","card_schema.md","Mental_Health__card_schema_3.md","Copied (renamed)"
"Mental Health","card_schema.md","Mental_Health__card_schema_4.md","Copied (renamed)"
"Mental Health","Child Psychology Psychiatry - 2019 - Wyman - Peer‐adult network structure and suicide attempts in 38 high schools .md","Child Psychology Psychiatry - 2019 - Wyman - Peer‐adult network structure and suicide attempts in 38 high schools .md","Copied"
"Mental Health","card_schema.md","Mental_Health__card_schema_5.md","Copied (renamed)"
"Mental Health","Confidence Limits for the Indirect Effect  Distribution of the Product and Resampling Methods.md","Confidence Limits for the Indirect Effect  Distribution of the Product and Resampling Methods.md","Copied"
"Mental Health","card_schema.md","Mental_Health__card_schema_6.md","Copied (renamed)"
"Mental Health","Depression as a Disease of Modernity Explanations for Increasing Prevalence.md","Depression as a Disease of Modernity Explanations for Increasing Prevalence.md","Copied"
"Mental Health","card_schema.md","Mental_Health__card_schema_7.md","Copied (renamed)"
"Mental Health","Depression Chronic Diseases and Decrements in Health Results from the World Health Surveys.md","Depression Chronic Diseases and Decrements in Health Results from the World Health Surveys.md","Copied"
"Mental Health","card_schema.md","Mental_Health__card_schema_8.md","Copied (renamed)"
"Mental Health","Depression is Not a Consistent Syndrome An Investigation of Unique Symptom Patterns in the STAR-D Study.md","Depression is Not a Consistent Syndrome An Investigation of Unique Symptom Patterns in the STAR-D Study.md","Copied"
"Mental Health","card_schema.md","Mental_Health__card_schema_9.md","Copied (renamed)"
"Mental Health","Design and Analysis of Group-Randomized Trials - Murray 2015 OBSSR Summer Institute.md","Design and Analysis of Group-Randomized Trials - Murray 2015 OBSSR Summer Institute.md","Copied"
"Mental Health","card_schema.md","Mental_Health__card_schema_10.md","Copied (renamed)"
"Mental Health","Developmental Approach to Prevent Adolescent Suicides Research Pathways to Effective Upstream Preventive Interventions.md","Developmental Approach to Prevent Adolescent Suicides Research Pathways to Effective Upstream Preventive Interventions.md","Copied"
"Mental Health","card_schema.md","Mental_Health__card_schema_11.md","Copied (renamed)"
"Mental Health","Developmental Approach to Prevent Adolescent Suicides Research Pathways to Effective Upstream Preventive Interventions (2).md","Developmental Approach to Prevent Adolescent Suicides Research Pathways to Effective Upstream Preventive Interventions (2).md","Copied"
"Mental Health","card_schema.md","Mental_Health__card_schema_12.md","Copied (renamed)"
"Mental Health","Developmental Epidemiological Courses Leading to Antisocial Personality Disorder and Violent Criminal Behavior.md","Developmental Epidemiological Courses Leading to Antisocial Personality Disorder and Violent Criminal Behavior.md","Copied"
"Mental Health","card_schema.md","Mental_Health__card_schema_13.md","Copied (renamed)"
"Mental Health","Difficulties in Emotion Regulation Scale - Development Factor Structure and Validation.md","Difficulties in Emotion Regulation Scale - Development Factor Structure and Validation.md","Copied"
"Mental Health","card_schema.md","Mental_Health__card_schema_14.md","Copied (renamed)"
"Mental Health","Disease Prevention and Health Promotion How Integrative Medicine Fits.md","Disease Prevention and Health Promotion How Integrative Medicine Fits.md","Copied"
"Mental Health","card_schema.md","Mental_Health__card_schema_15.md","Copied (renamed)"
"Mental Health","Drug and Alcohol Dependence - Journal Scope and Editorial Board.md","Drug and Alcohol Dependence - Journal Scope and Editorial Board.md","Copied"
"Mental Health","card_schema.md","Mental_Health__card_schema_16.md","Copied (renamed)"
"Mental Health","Dynamic Wait-Listed Designs for Randomized Trials - New Designs for Prevention of Youth Suicide.md","Dynamic Wait-Listed Designs for Randomized Trials - New Designs for Prevention of Youth Suicide.md","Copied"
"Mental Health","card_schema.md","Mental_Health__card_schema_17.md","Copied (renamed)"
"Mental Health","Effect of the Wingman-Connect Upstream Suicide Prevention Program for Air Force Personnel in Training A Cluster Randomized Clinical Trial.md","Effect of the Wingman-Connect Upstream Suicide Prevention Program for Air Force Personnel in Training A Cluster Randomized Clinical Trial.md","Copied"
"Mental Health","card_schema.md","Mental_Health__card_schema_18.md","Copied (renamed)"
"Mental Health","Effects of a Universal Classroom Behavior Management Program on Young Adult Outcomes (3).md","Effects of a Universal Classroom Behavior Management Program on Young Adult Outcomes (3).md","Copied"
"Mental Health","card_schema.md","Mental_Health__card_schema_19.md","Copied (renamed)"
"Mental Health","Effects of a Universal Classroom Behavior Management Program on Young Adult Outcomes (4).md","Effects of a Universal Classroom Behavior Management Program on Young Adult Outcomes (4).md","Copied"
"Mental Health","card_schema.md","Mental_Health__card_schema_20.md","Copied (renamed)"
"Mental Health","Endocrine-Disrupting Chemicals - An Endocrine Society Scientific Statement.md","Endocrine-Disrupting Chemicals - An Endocrine Society Scientific Statement.md","Copied"
"Mental Health","card_schema.md","Mental_Health__card_schema_21.md","Copied (renamed)"
"Mental Health","Environment Shapes Emotional Cognitive Abilities More Than Genes.md","Environment Shapes Emotional Cognitive Abilities More Than Genes.md","Copied"
"Mental Health","card_schema.md","Mental_Health__card_schema_22.md","Copied (renamed)"
"Mental Health","Equifinality and Multifinality in Developmental Psychopathology.md","Equifinality and Multifinality in Developmental Psychopathology.md","Copied"
"Mental Health","card_schema.md","Mental_Health__card_schema_23.md","Copied (renamed)"
"Mental Health","Impact of Sources of Strength on Adolescent Suicide Deaths Across Three Randomized Trials.md","Impact of Sources of Strength on Adolescent Suicide Deaths Across Three Randomized Trials.md","Copied"
"Mental Health","card_schema.md","Mental_Health__card_schema_24.md","Copied (renamed)"
"Mental Health","Impact of the Good Behavior Game on Young Adult Service Use for Mental Health and Substance Problems.md","Impact of the Good Behavior Game on Young Adult Service Use for Mental Health and Substance Problems.md","Copied"
"Mental Health","card_schema.md","Mental_Health__card_schema_25.md","Copied (renamed)"
"Mental Health","Informed Consent Form Career Enhancement Training Study Delivered Across Career Phases.md","Informed Consent Form Career Enhancement Training Study Delivered Across Career Phases.md","Copied"
"Mental Health","card_schema.md","Mental_Health__card_schema_26.md","Copied (renamed)"
"Mental Health","Internet Paradox A Social Technology That Reduces Social Involvement and Psychological Well-Being.md","Internet Paradox A Social Technology That Reduces Social Involvement and Psychological Well-Being.md","Copied"
"Mental Health","card_schema.md","Mental_Health__card_schema_27.md","Copied (renamed)"
"Mental Health","Lets Talk About Code-Switching A Double-Edged Sword.md","Lets Talk About Code-Switching A Double-Edged Sword.md","Copied"
"Mental Health","card_schema.md","Mental_Health__card_schema_28.md","Copied (renamed)"
"Mental Health","Methods for Testing Theory and Evaluating Impact in Randomized Field Trials - Intent-to-Treat Analyses.md","Methods for Testing Theory and Evaluating Impact in Randomized Field Trials - Intent-to-Treat Analyses.md","Copied"
"Mental Health","card_schema.md","Mental_Health__card_schema_29.md","Copied (renamed)"
"Mental Health","Model School Policy.md","Model School Policy.md","Copied"
"Mental Health","card_schema.md","Mental_Health__card_schema_30.md","Copied (renamed)"
"Mental Health","NAERA Newsletter Q1 2016 Focus Article Cobbler 2 Cobbler Peer Mentoring Program.md","NAERA Newsletter Q1 2016 Focus Article Cobbler 2 Cobbler Peer Mentoring Program.md","Copied"
"Mental Health","card_schema.md","Mental_Health__card_schema_31.md","Copied (renamed)"
"Mental Health","Navigating SEL From the Inside Out Looking Inside and Across 25 Leading SEL Programs A Practical Resource for Schools and OST Providers.md","Navigating SEL From the Inside Out Looking Inside and Across 25 Leading SEL Programs A Practical Resource for Schools and OST Providers.md","Copied"
"Mental Health","card_schema.md","Mental_Health__card_schema_32.md","Copied (renamed)"
"Mental Health","Our Epidemic of Loneliness and Isolation US Surgeon General Advisory on the Healing Effects of Social Connection and Community.md","Our Epidemic of Loneliness and Isolation US Surgeon General Advisory on the Healing Effects of Social Connection and Community.md","Copied"
"Mental Health","card_schema.md","Mental_Health__card_schema_33.md","Copied (renamed)"
"Mental Health","Reducing Risks for Mental Disorders Frontiers for Preventive Intervention Research.md","Reducing Risks for Mental Disorders Frontiers for Preventive Intervention Research.md","Copied"
"Mental Health","card_schema.md","Mental_Health__card_schema_34.md","Copied (renamed)"
"Mental Health","Relational-Cultural Theory Fostering Healthy Coexistence Through a Relational Lens.md","Relational-Cultural Theory Fostering Healthy Coexistence Through a Relational Lens.md","Copied"
"Mental Health","card_schema.md","Mental_Health__card_schema_35.md","Copied (renamed)"
"Mental Health","Research Summaries.docx.md","Research Summaries.docx.md","Copied"
"Mental Health","card_schema.md","Mental_Health__card_schema_36.md","Copied (renamed)"
"Mental Health","Rethinking Individualism and Collectivism Evaluation of Theoretical Assumptions and Meta-Analyses.md","Rethinking Individualism and Collectivism Evaluation of Theoretical Assumptions and Meta-Analyses.md","Copied"
"Mental Health","card_schema.md","Mental_Health__card_schema_37.md","Copied (renamed)"
"Mental Health","Review - The Handbook of Research Synthesis by Cooper and Hedges - Ziegel Technometrics 1995.md","Review - The Handbook of Research Synthesis by Cooper and Hedges - Ziegel Technometrics 1995.md","Copied"
"Mental Health","card_schema.md","Mental_Health__card_schema_38.md","Copied (renamed)"
"Mental Health","Sick Individuals and Sick Populations.md","Sick Individuals and Sick Populations.md","Copied"
"Mental Health","card_schema.md","Mental_Health__card_schema_39.md","Copied (renamed)"
"Mental Health","Systems All the Way Down Embracing Complexity in Mental Health Research.md","Systems All the Way Down Embracing Complexity in Mental Health Research.md","Copied"
"Mental Health","card_schema.md","Mental_Health__card_schema_40.md","Copied (renamed)"
"Mental Health","The Dappled Nature of Causes of Psychiatric Illness - Replacing the Hardware-Software Dichotomy with Empirically Based Pluralism.md","The Dappled Nature of Causes of Psychiatric Illness - Replacing the Hardware-Software Dichotomy with Empirically Based Pluralism.md","Copied"
"Mental Health","card_schema.md","Mental_Health__card_schema_41.md","Copied (renamed)"
"Mental Health","The Five Vital Signs of a Scalable Idea and How to Avoid a Voltage Drop.md","The Five Vital Signs of a Scalable Idea and How to Avoid a Voltage Drop.md","Copied"
"Mental Health","card_schema.md","Mental_Health__card_schema_42.md","Copied (renamed)"
"Mental Health","The Global Obesity Pandemic Shaped by Global Drivers and Local Environments.md","The Global Obesity Pandemic Shaped by Global Drivers and Local Environments.md","Copied"
"Mental Health","card_schema.md","Mental_Health__card_schema_43.md","Copied (renamed)"
"Mental Health","The Impact of Two Universal Randomized First and Second Grade Classroom Interventions on Young Adult Suicide Ideation and Attempts.md","The Impact of Two Universal Randomized First and Second Grade Classroom Interventions on Young Adult Suicide Ideation and Attempts.md","Copied"
"Mental Health","card_schema.md","Mental_Health__card_schema_44.md","Copied (renamed)"
"Mental Health","The Impact of Two Universal Randomized First and Second Grade Classroom Interventions on Young Adult Suicide Ideation and Attempts (2).md","The Impact of Two Universal Randomized First and Second Grade Classroom Interventions on Young Adult Suicide Ideation and Attempts (2).md","Copied"
"Mental Health","card_schema.md","Mental_Health__card_schema_45.md","Copied (renamed)"
"Mental Health","The Impact of Two Universal Randomized First and Second Grade Classroom Interventions on Young Adult Suicide Ideation and Attempts (3).md","The Impact of Two Universal Randomized First and Second Grade Classroom Interventions on Young Adult Suicide Ideation and Attempts (3).md","Copied"
"Mental Health","card_schema.md","Mental_Health__card_schema_46.md","Copied (renamed)"
"Mental Health","The Interpersonal Theory of Suicide.md","The Interpersonal Theory of Suicide.md","Copied"
"Mental Health","card_schema.md","Mental_Health__card_schema_47.md","Copied (renamed)"
"Mental Health","Validation of the Insomnia Severity Index as an Outcome Measure for Insomnia Research.md","Validation of the Insomnia Severity Index as an Outcome Measure for Insomnia Research.md","Copied"
"Mental Health","card_schema.md","Mental_Health__card_schema_48.md","Copied (renamed)"
"Mental Health","Why Mental Health Education & Prevention is Harmful.md","Why Mental Health Education & Prevention is Harmful.md","Copied"
"Mental Health","card_schema.md","Mental_Health__card_schema_49.md","Copied (renamed)"
"Mental Health","Why Your ACEs Score Doesnt Mean As Much As You Might Think.md","Why Your ACEs Score Doesnt Mean As Much As You Might Think.md","Copied"
"Mental Health","card_schema.md","Mental_Health__card_schema_50.md","Copied (renamed)"
"Mental Health","World Health Statistics 2023.md","World Health Statistics 2023.md","Copied"
"Remote Worker SNH","conversion_report.md","conversion_report.md","Copied"
"Remote Worker SNH","ABNFF-Journal-June-2024.md","ABNFF-Journal-June-2024.md","Copied"
"Remote Worker SNH","card_schema.md","Remote_Worker_SNH__card_schema.md","Copied (renamed)"
"Remote Worker SNH","An Outcome Evaluation of the Sources of Strength Suicide.md","An Outcome Evaluation of the Sources of Strength Suicide.md","Copied"
"Remote Worker SNH","card_schema.md","Remote_Worker_SNH__card_schema_1.md","Copied (renamed)"
"Remote Worker SNH","Bonevski et al 2014 - Reaching the hard-to-reach (systematic review).md","Bonevski et al 2014 - Reaching the hard-to-reach (systematic review).md","Copied"
"Remote Worker SNH","card_schema.md","Remote_Worker_SNH__card_schema_2.md","Copied (renamed)"
"Remote Worker SNH","card_schema.md","Remote_Worker_SNH__card_schema_3.md","Copied (renamed)"
"Remote Worker SNH","Charalampous et al 2018 - Systematically reviewing remote e-workers wellbeing.md","Charalampous et al 2018 - Systematically reviewing remote e-workers wellbeing.md","Copied"
"Remote Worker SNH","card_schema.md","Remote_Worker_SNH__card_schema_4.md","Copied (renamed)"
"Remote Worker SNH","Crawford et al 2024 - When AI substitutes humans (loneliness, retention).md","Crawford et al 2024 - When AI substitutes humans (loneliness, retention).md","Copied"
"Remote Worker SNH","card_schema.md","Remote_Worker_SNH__card_schema_5.md","Copied (renamed)"
"Remote Worker SNH","Effect of the Wingman-Connect Upstream Suicide Prevention Program.md","Effect of the Wingman-Connect Upstream Suicide Prevention Program.md","Copied"
"Remote Worker SNH","card_schema.md","Remote_Worker_SNH__card_schema_6.md","Copied (renamed)"
"Remote Worker SNH","Kim et al 2020 - Multimodal interfaces & cues for remote collaboration.md","Kim et al 2020 - Multimodal interfaces & cues for remote collaboration.md","Copied"
"Remote Worker SNH","card_schema.md","Remote_Worker_SNH__card_schema_7.md","Copied (renamed)"
"Remote Worker SNH","Luria et al 2019 - Re-Embodiment and Co-Embodiment.md","Luria et al 2019 - Re-Embodiment and Co-Embodiment.md","Copied"
"Remote Worker SNH","card_schema.md","Remote_Worker_SNH__card_schema_8.md","Copied (renamed)"
"Remote Worker SNH","Oh et al 2018 - A Systematic Review of Social Presence.md","Oh et al 2018 - A Systematic Review of Social Presence.md","Copied"
"Remote Worker SNH","card_schema.md","Remote_Worker_SNH__card_schema_9.md","Copied (renamed)"
"Remote Worker SNH","OHare et al 2024 - Remote working, loneliness & workplace isolation (healthcare).md","OHare et al 2024 - Remote working, loneliness & workplace isolation (healthcare).md","Copied"
"Remote Worker SNH","card_schema.md","Remote_Worker_SNH__card_schema_10.md","Copied (renamed)"
"Remote Worker SNH","PBIS.md","PBIS.md","Copied"
"Remote Worker SNH","card_schema.md","Remote_Worker_SNH__card_schema_11.md","Copied (renamed)"
"Remote Worker SNH","Peer-adult network structure and suicide attempts.md","Remote_Worker_SNH__Peer-adult network structure and suicide attempts.md","Copied (renamed)"
"Remote Worker SNH","card_schema.md","Remote_Worker_SNH__card_schema_12.md","Copied (renamed)"
"Remote Worker SNH","Roth et al 2020 - Construction of the Virtual Embodiment Questionnaire.md","Roth et al 2020 - Construction of the Virtual Embodiment Questionnaire.md","Copied"
"Remote Worker SNH","card_schema.md","Remote_Worker_SNH__card_schema_13.md","Copied (renamed)"
"Remote Worker SNH","Salganik 2006 - Variance Estimation & Sample Size for RDS.md","Salganik 2006 - Variance Estimation & Sample Size for RDS.md","Copied"
"Remote Worker SNH","card_schema.md","Remote_Worker_SNH__card_schema_14.md","Copied (renamed)"
"Remote Worker SNH","Toscano et al 2024 - WFH vs office job performance (diary study).md","Toscano et al 2024 - WFH vs office job performance (diary study).md","Copied"
"Remote Worker SNH","card_schema.md","Remote_Worker_SNH__card_schema_15.md","Copied (renamed)"
"Remote Worker SNH","Valerio et al 2016 - Comparing two sampling methods for hard-to-reach communities.md","Valerio et al 2016 - Comparing two sampling methods for hard-to-reach communities.md","Copied"
"Remote Workers","A 6-Item Scale for Overall, Emotional, and Social Loneliness.md","A 6-Item Scale for Overall, Emotional, and Social Loneliness.md","Copied"
"Remote Workers","card_schema.md","Remote_Workers__card_schema.md","Copied (renamed)"
"Remote Workers","A Caution Regarding Rules of Thumb for Variance Inflation Factors.md","A Caution Regarding Rules of Thumb for Variance Inflation Factors.md","Copied"
"Remote Workers","card_schema.md","Remote_Workers__card_schema_1.md","Copied (renamed)"
"Remote Workers","A Study of 1100 Employees Found That Remote Workers Feel Shunned and Left Out - HBR 2017.md","A Study of 1100 Employees Found That Remote Workers Feel Shunned and Left Out - HBR 2017.md","Copied"
"Remote Workers","card_schema.md","Remote_Workers__card_schema_2.md","Copied (renamed)"
"Remote Workers","A Study on Remote Working of Employee Motivation and Productivity.md","A Study on Remote Working of Employee Motivation and Productivity.md","Copied"
"Remote Workers","card_schema.md","Remote_Workers__card_schema_3.md","Copied (renamed)"
"Remote Workers","Ab Hamid et al. (2017) - Discriminant Validity Assessment - Use of Fornell & Larcker Criterion versus HTMT Criterion.md","Ab Hamid et al. (2017) - Discriminant Validity Assessment - Use of Fornell & Larcker Criterion versus HTMT Criterion.md","Copied"
"Remote Workers","card_schema.md","Remote_Workers__card_schema_4.md","Copied (renamed)"
"Remote Workers","Allen et al. (2015) - How Effective is Telecommuting - Assessing the Status of Our Scientific Findings.md","Allen et al. (2015) - How Effective is Telecommuting - Assessing the Status of Our Scientific Findings.md","Copied"
"Remote Workers","card_schema.md","Remote_Workers__card_schema_5.md","Copied (renamed)"
"Remote Workers","Analysing the Sentiments towards Work-From-Home  Experience during COVID-19 Pandemic.md","Analysing the Sentiments towards Work-From-Home  Experience during COVID-19 Pandemic.md","Copied"
"Remote Workers","card_schema.md","Remote_Workers__card_schema_6.md","Copied (renamed)"
"Remote Workers","An_empirical_study_of_speed_and_communication_in_globally_distributed_software_development.md","An_empirical_study_of_speed_and_communication_in_globally_distributed_software_development.md","Copied"
"Remote Workers","card_schema.md","Remote_Workers__card_schema_7.md","Copied (renamed)"
"Remote Workers","Appley (1977) - Review of Beyond Culture by Edward T. Hall.md","Appley (1977) - Review of Beyond Culture by Edward T. Hall.md","Copied"
"Remote Workers","card_schema.md","Remote_Workers__card_schema_8.md","Copied (renamed)"
"Remote Workers","Applied Psychology - 2020 - Wang - Achieving Effective Remote Working During the COVID‐19 Pandemic  A Work Design.md","Applied Psychology - 2020 - Wang - Achieving Effective Remote Working During the COVID‐19 Pandemic  A Work Design.md","Copied"
"Remote Workers","card_schema.md","Remote_Workers__card_schema_9.md","Copied (renamed)"
"Remote Workers","Argote & Ingram (2000) - Knowledge Transfer - A Basis for Competitive Advantage in Firms.md","Argote & Ingram (2000) - Knowledge Transfer - A Basis for Competitive Advantage in Firms.md","Copied"
"Remote Workers","card_schema.md","Remote_Workers__card_schema_10.md","Copied (renamed)"
"Remote Workers","Ashforth et al. (2000) - All in a Days Work - Boundaries and Micro Role Transitions.md","Ashforth et al. (2000) - All in a Days Work - Boundaries and Micro Role Transitions.md","Copied"
"Remote Workers","card_schema.md","Remote_Workers__card_schema_11.md","Copied (renamed)"
"Remote Workers","Baddeley (2012) - Working Memory - Theories Models and Controversies.md","Baddeley (2012) - Working Memory - Theories Models and Controversies.md","Copied"
"Remote Workers","card_schema.md","Remote_Workers__card_schema_12.md","Copied (renamed)"
"Remote Workers","Bakker & Demerouti (2007) - The Job Demands-Resources Model - State of the Art.md","Bakker & Demerouti (2007) - The Job Demands-Resources Model - State of the Art.md","Copied"
"Remote Workers","card_schema.md","Remote_Workers__card_schema_13.md","Copied (renamed)"
"Remote Workers","Bakker et al. (2008) - Work Engagement - An Emerging Concept in Occupational Health Psychology.md","Bakker et al. (2008) - Work Engagement - An Emerging Concept in Occupational Health Psychology.md","Copied"
"Remote Workers","card_schema.md","Remote_Workers__card_schema_14.md","Copied (renamed)"
"Remote Workers","Bakker et al. (2008) - Work Engagement - An Emerging Concept in Occupational Health Psychology (1).md","Bakker et al. (2008) - Work Engagement - An Emerging Concept in Occupational Health Psychology (1).md","Copied"
"Remote Workers","card_schema.md","Remote_Workers__card_schema_15.md","Copied (renamed)"
"Remote Workers","Baumeister & Leary (1995) - The Need to Belong - Desire for Interpersonal Attachments as a Fundamental Human Motivation.md","Baumeister & Leary (1995) - The Need to Belong - Desire for Interpersonal Attachments as a Fundamental Human Motivation.md","Copied"
"Remote Workers","card_schema.md","Remote_Workers__card_schema_16.md","Copied (renamed)"
"Remote Workers","Bentley et al. (2016) - The Role of Organisational Support in Teleworker Wellbeing.md","Bentley et al. (2016) - The Role of Organisational Support in Teleworker Wellbeing.md","Copied"
"Remote Workers","card_schema.md","Remote_Workers__card_schema_17.md","Copied (renamed)"
"Remote Workers","Bordia et al. (2004) - Uncertainty During Organizational Change - Types Consequences and Management Strategies.md","Bordia et al. (2004) - Uncertainty During Organizational Change - Types Consequences and Management Strategies.md","Copied"
"Remote Workers","card_schema.md","Remote_Workers__card_schema_18.md","Copied (renamed)"
"Remote Workers","Brayfield & Rothe (1951) - An Index of Job Satisfaction.md","Brayfield & Rothe (1951) - An Index of Job Satisfaction.md","Copied"
"Remote Workers","card_schema.md","Remote_Workers__card_schema_19.md","Copied (renamed)"
"Remote Workers","Brewer (1979) - In-Group Bias in the Minimal Intergroup Situation - A Cognitive-Motivational Analysis.md","Brewer (1979) - In-Group Bias in the Minimal Intergroup Situation - A Cognitive-Motivational Analysis.md","Copied"
"Remote Workers","card_schema.md","Remote_Workers__card_schema_20.md","Copied (renamed)"
"Remote Workers","Brooks et al. (2020) - The Psychological Impact of Quarantine and How to Reduce It - Rapid Review of the Evidence.md","Brooks et al. (2020) - The Psychological Impact of Quarantine and How to Reduce It - Rapid Review of the Evidence.md","Copied"
"Remote Workers","card_schema.md","Remote_Workers__card_schema_21.md","Copied (renamed)"
"Remote Workers","Burt (2004) - Structural Holes and Good Ideas.md","Burt (2004) - Structural Holes and Good Ideas.md","Copied"
"Remote Workers","card_schema.md","Remote_Workers__card_schema_22.md","Copied (renamed)"
"Remote Workers","Can Hope be Changed in 90 Minutes_ Testing the Efficacy of a Single-Session Goal-Pursuit Intervention for College Students.md","Can Hope be Changed in 90 Minutes_ Testing the Efficacy of a Single-Session Goal-Pursuit Intervention for College Students.md","Copied"
"Remote Workers","card_schema.md","Remote_Workers__card_schema_23.md","Copied (renamed)"
"Remote Workers","card_schema.md","Remote_Workers__card_schema_24.md","Copied (renamed)"
"Remote Workers","Causal Inference without Balance Checking_  Coarsened Exact Matching.md","Causal Inference without Balance Checking_  Coarsened Exact Matching.md","Copied"
"Remote Workers","card_schema.md","Remote_Workers__card_schema_25.md","Copied (renamed)"
"Remote Workers","Challenges and Barriers in Virtual Teams - A Literature Review.md","Challenges and Barriers in Virtual Teams - A Literature Review.md","Copied"
"Remote Workers","card_schema.md","Remote_Workers__card_schema_26.md","Copied (renamed)"
"Remote Workers","Chuang et al. (2024) - Information Quality, Work-Family Conflict, Loneliness, and Well-Being in Remote Work Settings.md","Chuang et al. (2024) - Information Quality, Work-Family Conflict, Loneliness, and Well-Being in Remote Work Settings.md","Copied"
"Remote Workers","card_schema.md","Remote_Workers__card_schema_27.md","Copied (renamed)"
"Remote Workers","Clark (2000) - Work-Family Border Theory - A New Theory of Work-Family Balance.md","Clark (2000) - Work-Family Border Theory - A New Theory of Work-Family Balance.md","Copied"
"Remote Workers","card_schema.md","Remote_Workers__card_schema_28.md","Copied (renamed)"
"Remote Workers","Communication Challenges and Strategies in Remote Work Settings.md","Communication Challenges and Strategies in Remote Work Settings.md","Copied"
"Remote Workers","card_schema.md","Remote_Workers__card_schema_29.md","Copied (renamed)"
"Remote Workers","Communicative Tensions in Remote Work During the COVID-19 Pandemic.md","Communicative Tensions in Remote Work During the COVID-19 Pandemic.md","Copied"
"Remote Workers","card_schema.md","Remote_Workers__card_schema_30.md","Copied (renamed)"
"Remote Workers","Consolidated criteria for reporting qualitative research (COREQ)_ a 32-item checklist for interviews and focus groups.md","Consolidated criteria for reporting qualitative research (COREQ)_ a 32-item checklist for interviews and focus groups.md","Copied"
"Remote Workers","card_schema.md","Remote_Workers__card_schema_31.md","Copied (renamed)"
"Remote Workers","Consolidated criteria for reporting qualitative research (COREQ)_ a 32-item checklist for interviews and focus groups(1).md","Consolidated criteria for reporting qualitative research (COREQ)_ a 32-item checklist for interviews and focus groups(1).md","Copied"
"Remote Workers","card_schema.md","Remote_Workers__card_schema_32.md","Copied (renamed)"
"Remote Workers","Coping With Stress and Burnout Associated With Telecommunication and Online Learning.md","Coping With Stress and Burnout Associated With Telecommunication and Online Learning.md","Copied"
"Remote Workers","card_schema.md","Remote_Workers__card_schema_33.md","Copied (renamed)"
"Remote Workers","Covid-19  working from home and work life boundaries  the role of personality in work life boundary management.md","Covid-19  working from home and work life boundaries  the role of personality in work life boundary management.md","Copied"
"Remote Workers","card_schema.md","Remote_Workers__card_schema_34.md","Copied (renamed)"
"Remote Workers","Day (1994) - Review of Measurement Design and Analysis - An Integrated Approach.md","Day (1994) - Review of Measurement Design and Analysis - An Integrated Approach.md","Copied"
"Remote Workers","card_schema.md","Remote_Workers__card_schema_35.md","Copied (renamed)"
"Remote Workers","Demerouti et al. (2001) - The Job Demands-Resources Model of Burnout.md","Demerouti et al. (2001) - The Job Demands-Resources Model of Burnout.md","Copied"
"Remote Workers","card_schema.md","Remote_Workers__card_schema_36.md","Copied (renamed)"
"Remote Workers","Dingel & Neiman (2020) - How Many Jobs Can Be Done at Home.pdf.md","Dingel & Neiman (2020) - How Many Jobs Can Be Done at Home.pdf.md","Copied"
"Remote Workers","card_schema.md","Remote_Workers__card_schema_37.md","Copied (renamed)"
"Remote Workers","Does Telework Stress Employees Out_ A Study on Working at Home and Subjective Well‐Being for Wage_Salary Workers.md","Does Telework Stress Employees Out_ A Study on Working at Home and Subjective Well‐Being for Wage_Salary Workers.md","Copied"
"Remote Workers","card_schema.md","Remote_Workers__card_schema_38.md","Copied (renamed)"
"Remote Workers","Does Telework Stress Employees Out_ A Study on Working at Home and Subjective Well‐Being for Wage_Salary Workers(1).md","Does Telework Stress Employees Out_ A Study on Working at Home and Subjective Well‐Being for Wage_Salary Workers(1).md","Copied"
"Remote Workers","card_schema.md","Remote_Workers__card_schema_39.md","Copied (renamed)"
"Remote Workers","Does Work-Life Boundary Management Improve Work-Life Balance for Remote Workers - A Critically Appraised Topic.md","Does Work-Life Boundary Management Improve Work-Life Balance for Remote Workers - A Critically Appraised Topic.md","Copied"
"Remote Workers","card_schema.md","Remote_Workers__card_schema_40.md","Copied (renamed)"
"Remote Workers","DOES WORKING FROM HOME WORK_ EVIDENCE FROM  A CHINESE EXPERIMENT.md","DOES WORKING FROM HOME WORK_ EVIDENCE FROM  A CHINESE EXPERIMENT.md","Copied"
"Remote Workers","card_schema.md","Remote_Workers__card_schema_41.md","Copied (renamed)"
"Remote Workers","Dourish & Bellotti (1992) - Awareness and Coordination in Shared Workspaces.md","Dourish & Bellotti (1992) - Awareness and Coordination in Shared Workspaces.md","Copied"
"Remote Workers","card_schema.md","Remote_Workers__card_schema_42.md","Copied (renamed)"
"Remote Workers","Dourish & Bly (1992) - Portholes - Supporting Awareness in a Distributed Work Group.md","Dourish & Bly (1992) - Portholes - Supporting Awareness in a Distributed Work Group.md","Copied"
"Remote Workers","card_schema.md","Remote_Workers__card_schema_43.md","Copied (renamed)"
"Remote Workers","duxbury-et-al-1994-work-family-conflict-a-comparison-by-gender-family-type-and-perceived-control.md","duxbury-et-al-1994-work-family-conflict-a-comparison-by-gender-family-type-and-perceived-control.md","Copied"
"Remote Workers","card_schema.md","Remote_Workers__card_schema_44.md","Copied (renamed)"
"Remote Workers","Eby et al. (2005) - Work and Family Research in IO-OB - Content Analysis and Review of the Literature 1980-2002.md","Eby et al. (2005) - Work and Family Research in IO-OB - Content Analysis and Review of the Literature 1980-2002.md","Copied"
"Remote Workers","card_schema.md","Remote_Workers__card_schema_45.md","Copied (renamed)"
"Remote Workers","Employee Motivation in Remote Work - Intrinsic Motivation and Self-Efficacy in Remote Environments - Bachelor Thesis.md","Employee Motivation in Remote Work - Intrinsic Motivation and Self-Efficacy in Remote Environments - Bachelor Thesis.md","Copied"
"Remote Workers","card_schema.md","Remote_Workers__card_schema_46.md","Copied (renamed)"
"Remote Workers","Employees Perceptions of Relational Communication in Full-Time Remote Work in the Public Sector.md","Employees Perceptions of Relational Communication in Full-Time Remote Work in the Public Sector.md","Copied"
"Remote Workers","card_schema.md","Remote_Workers__card_schema_47.md","Copied (renamed)"
"Remote Workers","Factors Contributing to Workplace Isolation in Remote Workers - Doctoral Dissertation.md","Factors Contributing to Workplace Isolation in Remote Workers - Doctoral Dissertation.md","Copied"
"Remote Workers","card_schema.md","Remote_Workers__card_schema_48.md","Copied (renamed)"
"Remote Workers","Faulds & Raju (2021) - The Work-From-Home Trend - An Interview with Brian Kropp.md","Faulds & Raju (2021) - The Work-From-Home Trend - An Interview with Brian Kropp.md","Copied"
"Remote Workers","card_schema.md","Remote_Workers__card_schema_49.md","Copied (renamed)"
"Remote Workers","Feeling Supported as a Remote Worker - Support from Leaders Colleagues and Job Satisfaction in Promoting Work-Life Balance.md","Feeling Supported as a Remote Worker - Support from Leaders Colleagues and Job Satisfaction in Promoting Work-Life Balance.md","Copied"
"Remote Workers","card_schema.md","Remote_Workers__card_schema_50.md","Copied (renamed)"
"Remote Workers","Fighting Loneliness on Remote Teams - HBR March 2024.md","Fighting Loneliness on Remote Teams - HBR March 2024.md","Copied"
"Remote Workers","card_schema.md","Remote_Workers__card_schema_51.md","Copied (renamed)"
"Remote Workers","Gajendran & Harrison (2007) - The Good the Bad and the Unknown About Telecommuting.md","Gajendran & Harrison (2007) - The Good the Bad and the Unknown About Telecommuting.md","Copied"
"Remote Workers","card_schema.md","Remote_Workers__card_schema_52.md","Copied (renamed)"
"Remote Workers","Gladwin (1981) - Review of Cultures Consequences - International Differences in Work-Related Values.md","Gladwin (1981) - Review of Cultures Consequences - International Differences in Work-Related Values.md","Copied"
"Remote Workers","card_schema.md","Remote_Workers__card_schema_53.md","Copied (renamed)"
"Remote Workers","Gladwin-AcademyManagementReview-1981.md","Gladwin-AcademyManagementReview-1981.md","Copied"
"Remote Workers","card_schema.md","Remote_Workers__card_schema_54.md","Copied (renamed)"
"Remote Workers","Global Perspectives on Redefining Workplace Presence - The Impact of Remote Work on Organizational Culture.md","Global Perspectives on Redefining Workplace Presence - The Impact of Remote Work on Organizational Culture.md","Copied"
"Remote Workers","card_schema.md","Remote_Workers__card_schema_55.md","Copied (renamed)"
"Remote Workers","Golden et al. (2006) - Telecommuting Differential Impact on Work-Family Conflict.md","Golden et al. (2006) - Telecommuting Differential Impact on Work-Family Conflict.md","Copied"
"Remote Workers","card_schema.md","Remote_Workers__card_schema_56.md","Copied (renamed)"
"Remote Workers","Golden et al. (2008) - Impact of Professional Isolation on Teleworker Job Performance and Turnover Intentions.md","Golden et al. (2008) - Impact of Professional Isolation on Teleworker Job Performance and Turnover Intentions.md","Copied"
"Remote Workers","card_schema.md","Remote_Workers__card_schema_57.md","Copied (renamed)"
"Remote Workers","Granovetter-StrengthWeakTies-1983.md","Granovetter-StrengthWeakTies-1983.md","Copied"
"Remote Workers","card_schema.md","Remote_Workers__card_schema_58.md","Copied (renamed)"
"Remote Workers","Grounded Theory in Management Research.md","Grounded Theory in Management Research.md","Copied"
"Remote Workers","card_schema.md","Remote_Workers__card_schema_59.md","Copied (renamed)"
"Remote Workers","Hickin et al. (2021) - The Effectiveness of Psychological Interventions for Loneliness - A Systematic Review and Meta-Analysis.md","Hickin et al. (2021) - The Effectiveness of Psychological Interventions for Loneliness - A Systematic Review and Meta-Analysis.md","Copied"
"Remote Workers","card_schema.md","Remote_Workers__card_schema_60.md","Copied (renamed)"
"Remote Workers","Hobfoll et al. (2018) - Conservation of Resources in the Organizational Context - The Reality of Resources and Their Consequences.md","Hobfoll et al. (2018) - Conservation of Resources in the Organizational Context - The Reality of Resources and Their Consequences.md","Copied"
"Remote Workers","card_schema.md","Remote_Workers__card_schema_61.md","Copied (renamed)"
"Remote Workers","holt-lunstad-et-al-2015-loneliness-and-social-isolation-as-risk-factors-for-mortality-a-meta-analytic-review.md","holt-lunstad-et-al-2015-loneliness-and-social-isolation-as-risk-factors-for-mortality-a-meta-analytic-review.md","Copied"
"Remote Workers","card_schema.md","Remote_Workers__card_schema_62.md","Copied (renamed)"
"Remote Workers","How Remote Work Affects Our Communication and Collaboration - Greater Good Berkeley 2021.md","How Remote Work Affects Our Communication and Collaboration - Greater Good Berkeley 2021.md","Copied"
"Remote Workers","card_schema.md","Remote_Workers__card_schema_63.md","Copied (renamed)"
"Remote Workers","Impact of Employee Well-Being on Performance in Crisis-Induced Remote Work - Boundary Control and Professional Isolation.md","Impact of Employee Well-Being on Performance in Crisis-Induced Remote Work - Boundary Control and Professional Isolation.md","Copied"
"Remote Workers","card_schema.md","Remote_Workers__card_schema_64.md","Copied (renamed)"
"Remote Workers","Impact of Technostress on End-User Satisfaction and Performance.md","Impact of Technostress on End-User Satisfaction and Performance.md","Copied"
"Remote Workers","card_schema.md","Remote_Workers__card_schema_65.md","Copied (renamed)"
"Remote Workers","Int J Psychol - 2012 - Salanova - The dark side of technologies  Technostress among users of information and communication.md","Int J Psychol - 2012 - Salanova - The dark side of technologies  Technostress among users of information and communication.md","Copied"
"Remote Workers","card_schema.md","Remote_Workers__card_schema_66.md","Copied (renamed)"
"Remote Workers","Investigating the Role of Remote Working on Employees Performance and Well-Being - An Evidence-Based Systematic Review.md","Investigating the Role of Remote Working on Employees Performance and Well-Being - An Evidence-Based Systematic Review.md","Copied"
"Remote Workers","card_schema.md","Remote_Workers__card_schema_67.md","Copied (renamed)"
"Remote Workers","Investigating the Role of Remote Working on Employees Performance and Well-Being - Systematic Review (v2).md","Investigating the Role of Remote Working on Employees Performance and Well-Being - Systematic Review (v2).md","Copied"
"Remote Workers","card_schema.md","Remote_Workers__card_schema_68.md","Copied (renamed)"
"Remote Workers","J Organ Behavior - 2002 - Bailey - A review of telework research  findings  new directions  and lessons for the study of.md","J Organ Behavior - 2002 - Bailey - A review of telework research  findings  new directions  and lessons for the study of.md","Copied"
"Remote Workers","card_schema.md","Remote_Workers__card_schema_69.md","Copied (renamed)"
"Remote Workers","J Organ Behavior - 2002 - Cooper - Telecommuting  professional isolation  and employee development in public and private.md","J Organ Behavior - 2002 - Cooper - Telecommuting  professional isolation  and employee development in public and private.md","Copied"
"Remote Workers","card_schema.md","Remote_Workers__card_schema_70.md","Copied (renamed)"
"Remote Workers","J Organ Behavior - 2002 - Cooper - Telecommuting  professional isolation  and employee development in public and private (1).md","J Organ Behavior - 2002 - Cooper - Telecommuting  professional isolation  and employee development in public and private (1).md","Copied"
"Remote Workers","card_schema.md","Remote_Workers__card_schema_71.md","Copied (renamed)"
"Remote Workers","J Organ Behavior - 2002 - Cooper - Telecommuting  professional isolation  and employee development in public and private (2).md","J Organ Behavior - 2002 - Cooper - Telecommuting  professional isolation  and employee development in public and private (2).md","Copied"
"Remote Workers","card_schema.md","Remote_Workers__card_schema_72.md","Copied (renamed)"
"Remote Workers","J Organ Behavior - 2004 - Schaufeli - Job demands  job resources  and their relationship with burnout and engagement  a.md","Remote_Workers__J Organ Behavior - 2004 - Schaufeli - Job demands  job resources  and their relationship with burnout and engagement  a.md","Copied (renamed)"
"Remote Workers","card_schema.md","Remote_Workers__card_schema_73.md","Copied (renamed)"
"Remote Workers","J Organ Behavior - 2004 - Schaufeli - Job demands  job resources  and their relationship with burnout and engagement  a (1).md","J Organ Behavior - 2004 - Schaufeli - Job demands  job resources  and their relationship with burnout and engagement  a (1).md","Copied"
"Remote Workers","card_schema.md","Remote_Workers__card_schema_74.md","Copied (renamed)"
"Remote Workers","Jaiswal & Prabhakaran (2023) - Impact of Employee Well-Being on Performance in the Context of Crisis-Induced Remote Work.md","Jaiswal & Prabhakaran (2023) - Impact of Employee Well-Being on Performance in the Context of Crisis-Induced Remote Work.md","Copied"
"Remote Workers","card_schema.md","Remote_Workers__card_schema_75.md","Copied (renamed)"
"Remote Workers","Job Stress and Loneliness Among Remote Workers.md","Job Stress and Loneliness Among Remote Workers.md","Copied"
"Remote Workers","card_schema.md","Remote_Workers__card_schema_76.md","Copied (renamed)"
"Remote Workers","Journal of Creative Behavior - 2011 - TESLUK - Influences of Organizational Culture and Climate on Individual Creativity.md","Journal of Creative Behavior - 2011 - TESLUK - Influences of Organizational Culture and Climate on Individual Creativity.md","Copied"
"Remote Workers","card_schema.md","Remote_Workers__card_schema_77.md","Copied (renamed)"
"Remote Workers","Kaplan & Haenlein (2010) - Users of the World, Unite! The Challenges and Opportunities of Social Media.md","Kaplan & Haenlein (2010) - Users of the World, Unite! The Challenges and Opportunities of Social Media.md","Copied"
"Remote Workers","card_schema.md","Remote_Workers__card_schema_78.md","Copied (renamed)"
"Remote Workers","Kazekami (2020) - Mechanisms to Improve Labor Productivity by Performing Telework.md","Kazekami (2020) - Mechanisms to Improve Labor Productivity by Performing Telework.md","Copied"
"Remote Workers","card_schema.md","Remote_Workers__card_schema_79.md","Copied (renamed)"
"Remote Workers","Koopmans et al. (2013) - Development of an Individual Work Performance Questionnaire.md","Koopmans et al. (2013) - Development of an Individual Work Performance Questionnaire.md","Copied"
"Remote Workers","card_schema.md","Remote_Workers__card_schema_80.md","Copied (renamed)"
"Remote Workers","Kossek et al. (2012) - Work-Nonwork Boundary Management Profiles - A Person-Centered Approach.md","Kossek et al. (2012) - Work-Nonwork Boundary Management Profiles - A Person-Centered Approach.md","Copied"
"Remote Workers","card_schema.md","Remote_Workers__card_schema_81.md","Copied (renamed)"
"Remote Workers","Leigh-Hunt et al. (2017) - An Overview of Systematic Reviews on the Public Health Consequences of Social Isolation and Loneliness.md","Leigh-Hunt et al. (2017) - An Overview of Systematic Reviews on the Public Health Consequences of Social Isolation and Loneliness.md","Copied"
"Remote Workers","card_schema.md","Remote_Workers__card_schema_82.md","Copied (renamed)"
"Remote Workers","levin-et-al-2004-the-strength-of-weak-ties-you-can-trust-the-mediating-role-of-trust-in-effective-knowledge-transfer.md","levin-et-al-2004-the-strength-of-weak-ties-you-can-trust-the-mediating-role-of-trust-in-effective-knowledge-transfer.md","Copied"
"Remote Workers","card_schema.md","Remote_Workers__card_schema_83.md","Copied (renamed)"
"Remote Workers","Lonely at Work at Home - Impact of Work Home Demands and Support on Workplace Loneliness During Remote Work.md","Lonely at Work at Home - Impact of Work Home Demands and Support on Workplace Loneliness During Remote Work.md","Copied"
"Remote Workers","card_schema.md","Remote_Workers__card_schema_84.md","Copied (renamed)"
"Remote Workers","Malone & Crowston (1994) - The Interdisciplinary Study of Coordination.md","Malone & Crowston (1994) - The Interdisciplinary Study of Coordination.md","Copied"
"Remote Workers","card_schema.md","Remote_Workers__card_schema_85.md","Copied (renamed)"
"Remote Workers","Managing Remote Workers During Quarantine - Insights from Organizational Research on Boundary Management.md","Managing Remote Workers During Quarantine - Insights from Organizational Research on Boundary Management.md","Copied"
"Remote Workers","card_schema.md","Remote_Workers__card_schema_86.md","Copied (renamed)"
"Remote Workers","Mechanisms Linking Work and Family_ Clarifying the Relationship between Work and Family Constructs.md","Mechanisms Linking Work and Family_ Clarifying the Relationship between Work and Family Constructs.md","Copied"
"Remote Workers","card_schema.md","Remote_Workers__card_schema_87.md","Copied (renamed)"
"Remote Workers","Media, Tasks, and Communication Processes_ A Theory of Media Synchronicity.md","Media, Tasks, and Communication Processes_ A Theory of Media Synchronicity.md","Copied"
"Remote Workers","card_schema.md","Remote_Workers__card_schema_88.md","Copied (renamed)"
"Remote Workers","Miller et al. (2019) - Why Do People Give Up FLOSSing - A Study of Contributor Disengagement in Open Source.md","Miller et al. (2019) - Why Do People Give Up FLOSSing - A Study of Contributor Disengagement in Open Source.md","Copied"
"Remote Workers","card_schema.md","Remote_Workers__card_schema_89.md","Copied (renamed)"
"Remote Workers","Netemeyer et al. (1996) - Development and Validation of Work-Family Conflict and Family-Work Conflict Scales.md","Netemeyer et al. (1996) - Development and Validation of Work-Family Conflict and Family-Work Conflict Scales.md","Copied"
"Remote Workers","card_schema.md","Remote_Workers__card_schema_90.md","Copied (renamed)"
"Remote Workers","New Technol Work Employ - 2015 - Hoeven - Flexible work designs and employee well‐being  examining the effects of resources.md","New Technol Work Employ - 2015 - Hoeven - Flexible work designs and employee well‐being  examining the effects of resources.md","Copied"
"Remote Workers","card_schema.md","Remote_Workers__card_schema_91.md","Copied (renamed)"
"Remote Workers","New Technol Work Employ - 2017 - Felstead - Assessing the growth of remote working and its consequences for effort .md","New Technol Work Employ - 2017 - Felstead - Assessing the growth of remote working and its consequences for effort .md","Copied"
"Remote Workers","card_schema.md","Remote_Workers__card_schema_92.md","Copied (renamed)"
"Remote Workers","Olson (1983) - Remote Office Work - Changing Work Patterns in Space and Time.md","Olson (1983) - Remote Office Work - Changing Work Patterns in Space and Time.md","Copied"
"Remote Workers","card_schema.md","Remote_Workers__card_schema_93.md","Copied (renamed)"
"Remote Workers","onnela-et-al-2007-structure-and-tie-strengths-in-mobile-communication-networks.md","onnela-et-al-2007-structure-and-tie-strengths-in-mobile-communication-networks.md","Copied"
"Remote Workers","card_schema.md","Remote_Workers__card_schema_94.md","Copied (renamed)"
"Remote Workers","orlikowski-2002-knowing-in-practice-enacting-a-collective-capability-in-distributed-organizing.md","orlikowski-2002-knowing-in-practice-enacting-a-collective-capability-in-distributed-organizing.md","Copied"
"Remote Workers","card_schema.md","Remote_Workers__card_schema_95.md","Copied (renamed)"
"Remote Workers","Out of sight but not out of mind- The role of loneliness and hope in remote work and in job engagement.md","Out of sight but not out of mind- The role of loneliness and hope in remote work and in job engagement.md","Copied"
"Remote Workers","card_schema.md","Remote_Workers__card_schema_96.md","Copied (renamed)"
"Remote Workers","Parker (2014) - Beyond Motivation - Job and Work Design for Development Health Ambidexterity and More.md","Parker (2014) - Beyond Motivation - Job and Work Design for Development Health Ambidexterity and More.md","Copied"
"Remote Workers","card_schema.md","Remote_Workers__card_schema_97.md","Copied (renamed)"
"Remote Workers","Parker (2014) - Beyond Motivation - Job and Work Design for Development Health Ambidexterity and More (1).md","Parker (2014) - Beyond Motivation - Job and Work Design for Development Health Ambidexterity and More (1).md","Copied"
"Remote Workers","card_schema.md","Remote_Workers__card_schema_98.md","Copied (renamed)"
"Remote Workers","pelled-et-al-1999-exploring-the-black-box-an-analysis-of-work-group-diversity-conflict-and-performance.md","pelled-et-al-1999-exploring-the-black-box-an-analysis-of-work-group-diversity-conflict-and-performance.md","Copied"
"Remote Workers","card_schema.md","Remote_Workers__card_schema_99.md","Copied (renamed)"
"Remote Workers","Podsakoff et al. (2003) - Common Method Biases in Behavioral Research (Duplicate).pdf.md","Podsakoff et al. (2003) - Common Method Biases in Behavioral Research (Duplicate).pdf.md","Copied"
"Remote Workers","card_schema.md","Remote_Workers__card_schema_100.md","Copied (renamed)"
"Remote Workers","Podsakoff et al. (2003) - Common Method Biases in Behavioral Research - A Critical Review.md","Podsakoff et al. (2003) - Common Method Biases in Behavioral Research - A Critical Review.md","Copied"
"Remote Workers","card_schema.md","Remote_Workers__card_schema_101.md","Copied (renamed)"
"Remote Workers","reagans-mcevily-2003-network-structure-and-knowledge-transfer-the-effects-of-cohesion-and-range.md","reagans-mcevily-2003-network-structure-and-knowledge-transfer-the-effects-of-cohesion-and-range.md","Copied"
"Remote Workers","card_schema.md","Remote_Workers__card_schema_102.md","Copied (renamed)"
"Remote Workers","Remote work and work-life balance  Lessons learned from the covid-19 pandemic and suggestions for HRD practitioners.md","Remote work and work-life balance  Lessons learned from the covid-19 pandemic and suggestions for HRD practitioners.md","Copied"
"Remote Workers","card_schema.md","Remote_Workers__card_schema_103.md","Copied (renamed)"
"Remote Workers","Research in Nursing   Health - 2000 - Sandelowski - Combining Qualitative and Quantitative Sampling  Data Collection  and.md","Research in Nursing   Health - 2000 - Sandelowski - Combining Qualitative and Quantitative Sampling  Data Collection  and.md","Copied"
"Remote Workers","card_schema.md","Remote_Workers__card_schema_104.md","Copied (renamed)"
"Remote Workers","Reviewed Work(s)_ Culture_s Consequences_ International Differences in Work-Related Values by Geert Hofstede.md","Reviewed Work(s)_ Culture_s Consequences_ International Differences in Work-Related Values by Geert Hofstede.md","Copied"
"Remote Workers","card_schema.md","Remote_Workers__card_schema_105.md","Copied (renamed)"
"Remote Workers","Robert A. Karasek-JobDemandsJob-1979.md","Robert A. Karasek-JobDemandsJob-1979.md","Copied"
"Remote Workers","card_schema.md","Remote_Workers__card_schema_106.md","Copied (renamed)"
"Remote Workers","rothbard-2001-enriching-or-depleting-the-dynamics-of-engagement-in-work-and-family-roles.md","rothbard-2001-enriching-or-depleting-the-dynamics-of-engagement-in-work-and-family-roles.md","Copied"
"Remote Workers","card_schema.md","Remote_Workers__card_schema_107.md","Copied (renamed)"
"Remote Workers","Ryan & Deci (2000) - Self-Determination Theory and the Facilitation of Intrinsic Motivation, Social Development, and Well-Being.md","Ryan & Deci (2000) - Self-Determination Theory and the Facilitation of Intrinsic Motivation, Social Development, and Well-Being.md","Copied"
"Remote Workers","card_schema.md","Remote_Workers__card_schema_108.md","Copied (renamed)"
"Remote Workers","Searching for Common Threads_ Understanding the Multiple Effects of Diversity in Organizational Groups.md","Searching for Common Threads_ Understanding the Multiple Effects of Diversity in Organizational Groups.md","Copied"
"Remote Workers","card_schema.md","Remote_Workers__card_schema_109.md","Copied (renamed)"
"Remote Workers","Shannon (1948) - A Mathematical Theory of Communication.md","Shannon (1948) - A Mathematical Theory of Communication.md","Copied"
"Remote Workers","card_schema.md","Remote_Workers__card_schema_110.md","Copied (renamed)"
"Remote Workers","Sherony & Green (2002) - Coworker Exchange - Relationships Between Coworkers, Leader-Member Exchange, and Work Attitudes.md","Sherony & Green (2002) - Coworker Exchange - Relationships Between Coworkers, Leader-Member Exchange, and Work Attitudes.md","Copied"
"Remote Workers","card_schema.md","Remote_Workers__card_schema_111.md","Copied (renamed)"
"Remote Workers","Socio-Technical Perspectives on Smart Working_ Creating Meaningful and Sustainable Systems.md","Socio-Technical Perspectives on Smart Working_ Creating Meaningful and Sustainable Systems.md","Copied"
"Remote Workers","card_schema.md","Remote_Workers__card_schema_112.md","Copied (renamed)"
"Remote Workers","Sonnentag & Fritz (2007) - The Recovery Experience Questionnaire - Development and Validation.md","Sonnentag & Fritz (2007) - The Recovery Experience Questionnaire - Development and Validation.md","Copied"
"Remote Workers","card_schema.md","Remote_Workers__card_schema_113.md","Copied (renamed)"
"Remote Workers","Sorge-AdministrativeScienceQuarterly-1983.md","Sorge-AdministrativeScienceQuarterly-1983.md","Copied"
"Remote Workers","card_schema.md","Remote_Workers__card_schema_114.md","Copied (renamed)"
"Remote Workers","spector-2006-method-variance-in-organizational-research-truth-or-urban-legend.md","spector-2006-method-variance-in-organizational-research-truth-or-urban-legend.md","Copied"
"Remote Workers","card_schema.md","Remote_Workers__card_schema_115.md","Copied (renamed)"
"Remote Workers","Structural Equation Modelling_ Guidelines for Determining Model F.md","Structural Equation Modelling_ Guidelines for Determining Model F.md","Copied"
"Remote Workers","card_schema.md","Remote_Workers__card_schema_116.md","Copied (renamed)"
"Remote Workers","Systematically reviewing remote e-workers  well-being at work  a multidimensional approach.md","Systematically reviewing remote e-workers  well-being at work  a multidimensional approach.md","Copied"
"Remote Workers","card_schema.md","Remote_Workers__card_schema_117.md","Copied (renamed)"
"Remote Workers","Systems Engineering - 2023 - Ferguson - Team and communication impacts of remote work for complex aerospace system.md","Systems Engineering - 2023 - Ferguson - Team and communication impacts of remote work for complex aerospace system.md","Copied"
"Remote Workers","card_schema.md","Remote_Workers__card_schema_118.md","Copied (renamed)"
"Remote Workers","TARGET ARTICLE  Hope Theory  Rainbows in the Mind.md","TARGET ARTICLE  Hope Theory  Rainbows in the Mind.md","Copied"
"Remote Workers","card_schema.md","Remote_Workers__card_schema_119.md","Copied (renamed)"
"Remote Workers","The effects of remote work on collaboration among information workers.md","The effects of remote work on collaboration among information workers.md","Copied"
"Remote Workers","card_schema.md","Remote_Workers__card_schema_120.md","Copied (renamed)"
"Remote Workers","The Hidden Costs of Working from Home - Loneliness Role Overload and Social Support During and Beyond COVID-19 Lockdown.md","The Hidden Costs of Working from Home - Loneliness Role Overload and Social Support During and Beyond COVID-19 Lockdown.md","Copied"
"Remote Workers","card_schema.md","Remote_Workers__card_schema_121.md","Copied (renamed)"
"Remote Workers","The impact of remote work and mediated communication frequency on isolation and psychological distress.md","The impact of remote work and mediated communication frequency on isolation and psychological distress.md","Copied"
"Remote Workers","card_schema.md","Remote_Workers__card_schema_122.md","Copied (renamed)"
"Remote Workers","The Impact of Remote Work on Team Collaboration and Communication - DBA Thesis.md","The Impact of Remote Work on Team Collaboration and Communication - DBA Thesis.md","Copied"
"Remote Workers","card_schema.md","Remote_Workers__card_schema_123.md","Copied (renamed)"
"Remote Workers","The Impact of Remote Work on Team Collaboration and Productivity - Vorecol Blog Article.md","The Impact of Remote Work on Team Collaboration and Productivity - Vorecol Blog Article.md","Copied"
"Remote Workers","card_schema.md","Remote_Workers__card_schema_124.md","Copied (renamed)"
"Remote Workers","The Impact of Remote Work on Workplace Loneliness During and After COVID-19 - A Literature Review.md","The Impact of Remote Work on Workplace Loneliness During and After COVID-19 - A Literature Review.md","Copied"
"Remote Workers","card_schema.md","Remote_Workers__card_schema_125.md","Copied (renamed)"
"Remote Workers","The impact of telework on emotional experience  When  and for whom  does telework improve daily affective well-being .md","The impact of telework on emotional experience  When  and for whom  does telework improve daily affective well-being .md","Copied"
"Remote Workers","card_schema.md","Remote_Workers__card_schema_126.md","Copied (renamed)"
"Remote Workers","The Relationship between Remote Work and Job Satisfaction - The Mediating Role of Perceived Autonomy.md","The Relationship between Remote Work and Job Satisfaction - The Mediating Role of Perceived Autonomy.md","Copied"
"Remote Workers","card_schema.md","Remote_Workers__card_schema_127.md","Copied (renamed)"
"Remote Workers","The reliability of a two-item scale_ Pearson, Cronbach, or Spearman-Brown_.md","The reliability of a two-item scale_ Pearson, Cronbach, or Spearman-Brown_.md","Copied"
"Remote Workers","card_schema.md","Remote_Workers__card_schema_128.md","Copied (renamed)"
"Remote Workers","The Search-Transfer Problem_ The Role of Weak Ties in Sharing Knowledge across Organization Subunits.md","The Search-Transfer Problem_ The Role of Weak Ties in Sharing Knowledge across Organization Subunits.md","Copied"
"Remote Workers","card_schema.md","Remote_Workers__card_schema_129.md","Copied (renamed)"
"Remote Workers","The short-term economic consequences of COVID-19_ Exposure to disease, remote work and government response.md","The short-term economic consequences of COVID-19_ Exposure to disease, remote work and government response.md","Copied"
"Remote Workers","card_schema.md","Remote_Workers__card_schema_130.md","Copied (renamed)"
"Remote Workers","Theorizing Employee Stress Well-Being Resilience and Boundary Management in the Context of Forced Remote Work.md","Theorizing Employee Stress Well-Being Resilience and Boundary Management in the Context of Forced Remote Work.md","Copied"
"Remote Workers","card_schema.md","Remote_Workers__card_schema_131.md","Copied (renamed)"
"Remote Workers","Toward Understanding Remote Workers Management of Work-Family Boundaries - The Complexity of Workplace Flexibility.md","Toward Understanding Remote Workers Management of Work-Family Boundaries - The Complexity of Workplace Flexibility.md","Copied"
"Remote Workers","card_schema.md","Remote_Workers__card_schema_132.md","Copied (renamed)"
"Remote Workers","Toward Understanding Remote Workers Management of Work-Family Boundaries - The Complexity of Workplace Flexibility (2).md","Toward Understanding Remote Workers Management of Work-Family Boundaries - The Complexity of Workplace Flexibility (2).md","Copied"
"Remote Workers","card_schema.md","Remote_Workers__card_schema_133.md","Copied (renamed)"
"Remote Workers","Triandis et al. (1988) - Individualism and Collectivism - Cross-Cultural Perspectives on Self-Ingroup Relationships.md","Triandis et al. (1988) - Individualism and Collectivism - Cross-Cultural Perspectives on Self-Ingroup Relationships.md","Copied"
"Remote Workers","card_schema.md","Remote_Workers__card_schema_134.md","Copied (renamed)"
"Remote Workers","Understanding the Challenges of Remote Working and Its Impact on Workers.md","Understanding the Challenges of Remote Working and Its Impact on Workers.md","Copied"
"Remote Workers","card_schema.md","Remote_Workers__card_schema_135.md","Copied (renamed)"
"Remote Workers","Uzzi & Spiro (2005) - Collaboration and Creativity - The Small World Problem.md","Uzzi & Spiro (2005) - Collaboration and Creativity - The Small World Problem.md","Copied"
"Remote Workers","card_schema.md","Remote_Workers__card_schema_136.md","Copied (renamed)"
"Remote Workers","Voydanoff (1998) - Review of Home and Work - Negotiating Boundaries through Everyday Life by Christena Nippert-Eng.md","Voydanoff (1998) - Review of Home and Work - Negotiating Boundaries through Everyday Life by Christena Nippert-Eng.md","Copied"
"Remote Workers","card_schema.md","Remote_Workers__card_schema_137.md","Copied (renamed)"
"Remote Workers","Why Teleworkers are More Satisfied with Their Jobs than are Office-Based Workers  When Less Contact is Beneficial.md","Why Teleworkers are More Satisfied with Their Jobs than are Office-Based Workers  When Less Contact is Beneficial.md","Copied"
"Remote Workers","card_schema.md","Remote_Workers__card_schema_138.md","Copied (renamed)"
"Remote Workers","Why Teleworkers are More Satisfied with Their Jobs than are Office-Based Workers  When Less Contact is Beneficial (1).md","Why Teleworkers are More Satisfied with Their Jobs than are Office-Based Workers  When Less Contact is Beneficial (1).md","Copied"
"Remote Workers","card_schema.md","Remote_Workers__card_schema_139.md","Copied (renamed)"
"Remote Workers","Working from Home During COVID-19 - Boundary Management Tactics and Energy Resources Management Strategies in Public Service.md","Working from Home During COVID-19 - Boundary Management Tactics and Energy Resources Management Strategies in Public Service.md","Copied"
"Remote Workers","card_schema.md","Remote_Workers__card_schema_140.md","Copied (renamed)"
"Remote Workers","Workplace Isolation Occurring in Remote Workers.md","Workplace Isolation Occurring in Remote Workers.md","Copied"
"Remote Workers","card_schema.md","Remote_Workers__card_schema_141.md","Copied (renamed)"
"Remote Workers","Xanthopoulou et al. (2009) - Reciprocal Relationships Between Job Resources, Personal Resources, and Work Engagement.md","Xanthopoulou et al. (2009) - Reciprocal Relationships Between Job Resources, Personal Resources, and Work Engagement.md","Copied"
"Remote Workers","card_schema.md","Remote_Workers__card_schema_142.md","Copied (renamed)"
"Remote Workers","Zhang et al. (2021) - Turnover of Companies in OpenStack - Prevalence and Rationale.md","Zhang et al. (2021) - Turnover of Companies in OpenStack - Prevalence and Rationale.md","Copied"
